{
  "/icons/ubuntu-logo.png-3" : {
    "transaction" : "/icons/ubuntu-logo.png-3",
    "sampleCount" : 3854,
    "errorCount" : 0,
    "errorPct" : 0.0,
    "meanResTime" : 4.405812143227797,
    "minResTime" : 0.0,
    "maxResTime" : 520.0,
    "pct1ResTime" : 9.0,
    "pct2ResTime" : 21.0,
    "pct3ResTime" : 51.44999999999982,
    "throughput" : 234.28571428571428,
    "receivedKBytesPerSec" : 828.8087124810031,
    "sentKBytesPerSec" : 72.75669642857143
  },
  "/-11" : {
    "transaction" : "/-11",
    "sampleCount" : 3846,
    "errorCount" : 1,
    "errorPct" : 0.02600104,
    "meanResTime" : 7.402756110244441,
    "minResTime" : 0.0,
    "maxResTime" : 830.0,
    "pct1ResTime" : 18.0,
    "pct2ResTime" : 34.0,
    "pct3ResTime" : 83.05999999999949,
    "throughput" : 233.79939209726444,
    "receivedKBytesPerSec" : 793.5046423822189,
    "sentKBytesPerSec" : 86.96719462386018
  },
  "/favicon.ico-4" : {
    "transaction" : "/favicon.ico-4",
    "sampleCount" : 3854,
    "errorCount" : 3854,
    "errorPct" : 100.0,
    "meanResTime" : 4.035806953814229,
    "minResTime" : 0.0,
    "maxResTime" : 481.0,
    "pct1ResTime" : 7.0,
    "pct2ResTime" : 17.0,
    "pct3ResTime" : 49.0,
    "throughput" : 234.28571428571428,
    "receivedKBytesPerSec" : 112.23333016717326,
    "sentKBytesPerSec" : 70.46875
  },
  "/icons/ubuntu-logo.png-14" : {
    "transaction" : "/icons/ubuntu-logo.png-14",
    "sampleCount" : 3839,
    "errorCount" : 0,
    "errorPct" : 0.0,
    "meanResTime" : 4.4389163844751245,
    "minResTime" : 0.0,
    "maxResTime" : 584.0,
    "pct1ResTime" : 8.0,
    "pct2ResTime" : 18.0,
    "pct3ResTime" : 55.79999999999973,
    "throughput" : 233.4874102907189,
    "receivedKBytesPerSec" : 826.0220229632952,
    "sentKBytesPerSec" : 78.43717689453838
  },
  "/-2" : {
    "transaction" : "/-2",
    "sampleCount" : 3859,
    "errorCount" : 4,
    "errorPct" : 0.103653796,
    "meanResTime" : 8.514381964239414,
    "minResTime" : 0.0,
    "maxResTime" : 658.0,
    "pct1ResTime" : 19.0,
    "pct2ResTime" : 36.0,
    "pct3ResTime" : 110.80000000000018,
    "throughput" : 234.41866115903292,
    "receivedKBytesPerSec" : 795.4176308505953,
    "sentKBytesPerSec" : 81.18395063251731
  },
  "/robots.txt-1" : {
    "transaction" : "/robots.txt-1",
    "sampleCount" : 3855,
    "errorCount" : 3855,
    "errorPct" : 100.0,
    "meanResTime" : 4.515175097276282,
    "minResTime" : 0.0,
    "maxResTime" : 745.0,
    "pct1ResTime" : 7.0,
    "pct2ResTime" : 17.0,
    "pct3ResTime" : 49.88000000000011,
    "throughput" : 234.24682505924528,
    "receivedKBytesPerSec" : 112.34931136826275,
    "sentKBytesPerSec" : 60.37609375949444
  },
  "/-13" : {
    "transaction" : "/-13",
    "sampleCount" : 3844,
    "errorCount" : 5,
    "errorPct" : 0.13007285,
    "meanResTime" : 7.990634755463057,
    "minResTime" : 0.0,
    "maxResTime" : 834.0,
    "pct1ResTime" : 16.0,
    "pct2ResTime" : 31.0,
    "pct3ResTime" : 82.55000000000018,
    "throughput" : 233.66360707555774,
    "receivedKBytesPerSec" : 792.810788003009,
    "sentKBytesPerSec" : 86.8262068985168
  },
  "Total" : {
    "transaction" : "Total",
    "sampleCount" : 53898,
    "errorCount" : 7726,
    "errorPct" : 14.334484,
    "meanResTime" : 5.901833092137019,
    "minResTime" : 0.0,
    "maxResTime" : 834.0,
    "pct1ResTime" : 12.0,
    "pct2ResTime" : 25.0,
    "pct3ResTime" : 63.0,
    "throughput" : 3274.085773296076,
    "receivedKBytesPerSec" : 9948.02144949353,
    "sentKBytesPerSec" : 1111.7884061588811
  },
  "/-5" : {
    "transaction" : "/-5",
    "sampleCount" : 3854,
    "errorCount" : 1,
    "errorPct" : 0.025947068,
    "meanResTime" : 8.275817332641415,
    "minResTime" : 0.0,
    "maxResTime" : 759.0,
    "pct1ResTime" : 18.0,
    "pct2ResTime" : 33.25,
    "pct3ResTime" : 112.34999999999945,
    "throughput" : 234.21452446065024,
    "receivedKBytesPerSec" : 794.902171642358,
    "sentKBytesPerSec" : 87.1216599247949
  },
  "/icons/ubuntu-logo.png-6" : {
    "transaction" : "/icons/ubuntu-logo.png-6",
    "sampleCount" : 3853,
    "errorCount" : 1,
    "errorPct" : 0.025953801,
    "meanResTime" : 4.519335582662871,
    "minResTime" : 0.0,
    "maxResTime" : 625.0,
    "pct1ResTime" : 8.0,
    "pct2ResTime" : 21.0,
    "pct3ResTime" : 49.460000000000036,
    "throughput" : 234.13952357802626,
    "receivedKBytesPerSec" : 828.2333618816846,
    "sentKBytesPerSec" : 78.63583191541079
  },
  "/-7" : {
    "transaction" : "/-7",
    "sampleCount" : 3851,
    "errorCount" : 1,
    "errorPct" : 0.025967281,
    "meanResTime" : 7.887561672292915,
    "minResTime" : 0.0,
    "maxResTime" : 756.0,
    "pct1ResTime" : 17.0,
    "pct2ResTime" : 33.0,
    "pct3ResTime" : 84.0,
    "throughput" : 234.0464324784247,
    "receivedKBytesPerSec" : 794.3234975158016,
    "sentKBytesPerSec" : 87.05911651422146
  },
  "/icons/ubuntu-logo.png-8" : {
    "transaction" : "/icons/ubuntu-logo.png-8",
    "sampleCount" : 3850,
    "errorCount" : 2,
    "errorPct" : 0.051948052,
    "meanResTime" : 4.874805194805201,
    "minResTime" : 0.0,
    "maxResTime" : 417.0,
    "pct1ResTime" : 9.0,
    "pct2ResTime" : 20.0,
    "pct3ResTime" : 56.0,
    "throughput" : 234.01410162898128,
    "receivedKBytesPerSec" : 827.7494401326586,
    "sentKBytesPerSec" : 78.57327376610746
  },
  "/-9" : {
    "transaction" : "/-9",
    "sampleCount" : 3848,
    "errorCount" : 1,
    "errorPct" : 0.025987526,
    "meanResTime" : 7.591216216216233,
    "minResTime" : 0.0,
    "maxResTime" : 636.0,
    "pct1ResTime" : 17.0,
    "pct2ResTime" : 32.0,
    "pct3ResTime" : 93.01999999999953,
    "throughput" : 233.90675338885174,
    "receivedKBytesPerSec" : 793.8436255774725,
    "sentKBytesPerSec" : 87.00714194805786
  },
  "/icons/ubuntu-logo.png-12" : {
    "transaction" : "/icons/ubuntu-logo.png-12",
    "sampleCount" : 3845,
    "errorCount" : 1,
    "errorPct" : 0.026007803,
    "meanResTime" : 4.110793237971382,
    "minResTime" : 0.0,
    "maxResTime" : 273.0,
    "pct1ResTime" : 9.0,
    "pct2ResTime" : 19.0,
    "pct3ResTime" : 43.0,
    "throughput" : 233.76702334630352,
    "receivedKBytesPerSec" : 826.9182494642206,
    "sentKBytesPerSec" : 78.51068518968872
  },
  "/icons/ubuntu-logo.png-10" : {
    "transaction" : "/icons/ubuntu-logo.png-10",
    "sampleCount" : 3846,
    "errorCount" : 0,
    "errorPct" : 0.0,
    "meanResTime" : 4.057202288091525,
    "minResTime" : 0.0,
    "maxResTime" : 422.0,
    "pct1ResTime" : 9.0,
    "pct2ResTime" : 18.0,
    "pct3ResTime" : 43.529999999999745,
    "throughput" : 233.91314925191583,
    "receivedKBytesPerSec" : 827.5042692684892,
    "sentKBytesPerSec" : 78.58019857681548
  }
}